id,n_comments,n_likes,image
1,374,255816,https://scontent.cdninstagram.com/v/t51.29350-15/353358532_1213680296011373_6320172767454538388_n.jpg?stp=dst-jpg_e35_p1080x1080&_nc_ht=scontent.cdninstagram.com&_nc_cat=105&_nc_ohc=F8ydPyOf27oQ7kNvgF64vAS&edm=APs17CUBAAAA&ccb=7-5&oh=00_AYAOqSzGHlJJDxdGQnO40j-meC6xXOxquTU9xh08JLtYKw&oe=6694BB6A&_nc_sid=10d13b
2,75,32099,https://scontent.cdninstagram.com/v/t39.30808-6/449115003_18418894099071092_2621914334991495858_n.jpg?stp=dst-jpg_e35_p1080x1080_sh0.08&_nc_ht=scontent.cdninstagram.com&_nc_cat=108&_nc_ohc=kAiF4eIHF0QQ7kNvgFg9Fgx&edm=APs17CUAAAAA&ccb=7-5&oh=00_AYDQbmYHgySKbIg66orEi-y9weh5ohSFQonn7pOcs_SWuQ&oe=66949E27&_nc_sid=10d13b
3,46,38328,https://scontent.cdninstagram.com/v/t39.30808-6/448984162_18416925016071092_7819097747815141215_n.jpg?stp=dst-jpg_e35_p1080x1080_sh0.08&_nc_ht=scontent.cdninstagram.com&_nc_cat=108&_nc_ohc=-YXo60HjDHMQ7kNvgFXVgTf&gid=c3c6355dd2734caab0a5003b3cf807e1&edm=APs17CUAAAAA&ccb=7-5&oh=00_AYCv16bdzMiUtyORD1ukExHs9LwXCQ4UwWPgOx_hzFofmQ&oe=66949928&_nc_sid=10d13b
4,492,130388,https://scontent.cdninstagram.com/v/t51.29350-15/395220324_3515628098693736_3304940337954678392_n.jpg?stp=dst-jpg_e35_p1080x1080&_nc_ht=scontent.cdninstagram.com&_nc_cat=100&_nc_ohc=iCwcq-ZJ6cgQ7kNvgHhvCYy&edm=APs17CUBAAAA&ccb=7-5&oh=00_AYARbRMVechLdKoEjokAt6BCVAbJwjWucNt_0kFKSKcAog&oe=6694B829&_nc_sid=10d13b
5,1257,303812,https://scontent.cdninstagram.com/v/t51.29350-15/361926886_3563819487271475_1590598071007946966_n.jpg?stp=dst-jpg_e35_p1080x1080&_nc_ht=scontent.cdninstagram.com&_nc_cat=111&_nc_ohc=LSs4ZevqKxAQ7kNvgFu6kVT&edm=APs17CUBAAAA&ccb=7-5&oh=00_AYABw1leeX_1A6oSxJcV6OBd5Tw9juu8q1DR2mDSe5QJkw&oe=6694AB44&_nc_sid=10d13b
6,943,256055,https://scontent.cdninstagram.com/v/t51.29350-15/295865655_827215555378841_2286803062157391996_n.jpg?stp=dst-jpg_e35_p1080x1080&_nc_ht=scontent.cdninstagram.com&_nc_cat=105&_nc_ohc=TgG9ycfyesAQ7kNvgELmawp&edm=APs17CUBAAAA&ccb=7-5&oh=00_AYCiJKxiHodQTTy7zWABJyTPogH7DMHwL11uv1_PNJb5bw&oe=6694A262&_nc_sid=10d13b
7,41,62486,https://scontent.cdninstagram.com/v/t39.30808-6/449294899_18444496837008562_5019670761941329028_n.jpg?stp=dst-jpg_e35_p1080x1080_sh0.08&_nc_ht=scontent.cdninstagram.com&_nc_cat=110&_nc_ohc=_KfV94uha3kQ7kNvgGeWHI_&gid=48eb2394e24b4fcc988bad099fd7fb2e&edm=APs17CUAAAAA&ccb=7-5&oh=00_AYBYaebmPR8HXUOUCD7QiAmSSbU4tCRZIe1uQ6qoPkenKg&oe=6694C4F0&_nc_sid=10d13b
8,45,34631,https://scontent.cdninstagram.com/v/t51.29350-15/448913767_507367684950277_4497371149884818144_n.jpg?stp=dst-jpg_e15&_nc_ht=scontent.cdninstagram.com&_nc_cat=101&_nc_ohc=ZR1f8dgzMbwQ7kNvgE5yVm9&edm=APs17CUBAAAA&ccb=7-5&oh=00_AYDW9hkIj5XvCoMS5wECDeUUov4ZCBS80MYHAaBGUBK3Rw&oe=6694991A&_nc_sid=10d13b
9,100,72372,https://scontent.cdninstagram.com/v/t39.30808-6/448848993_18442208911008562_3994369928298127932_n.jpg?stp=dst-jpg_e35_p1080x1080_sh0.08&_nc_ht=scontent.cdninstagram.com&_nc_cat=110&_nc_ohc=e79Ns8yz59YQ7kNvgHxzChL&edm=APs17CUAAAAA&ccb=7-5&oh=00_AYBMuNqUhHLvhbsTpSVHPZ9tSS6RqojRQgs7k9ChzZxBSw&oe=6694B3C9&_nc_sid=10d13b
10,2466,73707,https://scontent.cdninstagram.com/v/t51.29350-15/449436940_1535133690769608_8898611163311141604_n.jpg?stp=dst-jpg_e35_s1080x1080&_nc_ht=scontent.cdninstagram.com&_nc_cat=100&_nc_ohc=GuTqPecG5GYQ7kNvgH2hc8s&edm=APs17CUBAAAA&ccb=7-5&oh=00_AYBLkKPl4U6S8w-Il2grMW6gU1bPRHllfPzpFdy974oQbA&oe=66949DC3&_nc_sid=10d13b
11,425,26743,https://scontent.cdninstagram.com/v/t51.29350-15/450540574_832637581780897_2646118770159382617_n.jpg?stp=dst-jpg_e35_s1080x1080&_nc_ht=scontent.cdninstagram.com&_nc_cat=101&_nc_ohc=js8XUVa_aKUQ7kNvgF5bm0e&edm=APs17CUBAAAA&ccb=7-5&oh=00_AYDVw-SrjlUV4XtOXnsxp4IbOAhXx8QTaU2UNG3EpSRS5Q&oe=6694A9F5&_nc_sid=10d13b
12,268,67691,https://scontent.cdninstagram.com/v/t51.29350-15/441259144_1621675568569653_7300026398987640445_n.jpg?stp=dst-jpg_e35_p1080x1080&_nc_ht=scontent.cdninstagram.com&_nc_cat=109&_nc_ohc=r7ZQCe438wwQ7kNvgF06Yx2&edm=APs17CUBAAAA&ccb=7-5&oh=00_AYBFBSooXMaeO5teVm-GptCUbL27s5DL2-Qe_N2uZkqsXg&oe=66949763&_nc_sid=10d13b
13,156,43150,https://scontent.cdninstagram.com/v/t39.30808-6/448944072_18446258611023145_3008700068087081448_n.jpg?stp=dst-jpg_e35_p1080x1080_sh0.08&_nc_ht=scontent.cdninstagram.com&_nc_cat=101&_nc_ohc=Xy59i8uiKksQ7kNvgHN76Bv&edm=APs17CUAAAAA&ccb=7-5&oh=00_AYBIC03oBU22WVRWGleXAIvR2csdWmedMCVdbT9ir2MgYw&oe=6694A4F4&_nc_sid=10d13b
14,34,24929,https://scontent.cdninstagram.com/v/t51.29350-15/449716382_394465406934760_2197352708051008765_n.jpg?stp=dst-jpg_e35_p1080x1080&_nc_ht=scontent.cdninstagram.com&_nc_cat=104&_nc_ohc=Xi8JTo6gcysQ7kNvgFxvfG2&edm=APs17CUBAAAA&ccb=7-5&oh=00_AYA-nbil3z9VB-vOPDjcX_efYRpKWupefl_oSlcN8WsESQ&oe=6694B739&_nc_sid=10d13b
15,32,30660,https://scontent.cdninstagram.com/v/t51.29350-15/449505155_1155380232352407_3224479741091685508_n.jpg?stp=dst-jpg_e35_p1080x1080&_nc_ht=scontent.cdninstagram.com&_nc_cat=103&_nc_ohc=kBQg0tIFD88Q7kNvgF2O1UX&edm=APs17CUBAAAA&ccb=7-5&oh=00_AYAMAvdQdpp-FGhxaqmi8rvPAjoySrDStz-ONsDsttB_XA&oe=6694B747&_nc_sid=10d13b
16,49,11596,https://scontent.cdninstagram.com/v/t51.29350-15/328400760_1017334345908809_6573069801741259810_n.jpg?stp=dst-jpg_e35_p1080x1080&_nc_ht=scontent.cdninstagram.com&_nc_cat=105&_nc_ohc=50HjBkGsZfoQ7kNvgGEP5Gg&edm=APs17CUBAAAA&ccb=7-5&oh=00_AYCGSdupPZIiOl6_SRv2PwOlJ96Xep7t4LP5b32ze7ftVA&oe=66949D81&_nc_sid=10d13b
17,45,16185,https://scontent.cdninstagram.com/v/t51.29350-15/339366628_878279926572488_7441778969046494459_n.jpg?stp=dst-jpg_e35_p1080x1080&_nc_ht=scontent.cdninstagram.com&_nc_cat=108&_nc_ohc=ErYL9O4fAhQQ7kNvgHzb2YV&edm=APs17CUBAAAA&ccb=7-5&oh=00_AYDchvyDSbM2rxjhFCgdJVV4xJ0AGF-GAAtymSDballPVg&oe=6694A324&_nc_sid=10d13b
18,39,11703,https://scontent.cdninstagram.com/v/t51.29350-15/327037768_217150680772412_1078088607387516966_n.jpg?stp=dst-jpg_e35_p1080x1080&_nc_ht=scontent.cdninstagram.com&_nc_cat=108&_nc_ohc=BLx1DnmbPggQ7kNvgFGXqD4&edm=APs17CUBAAAA&ccb=7-5&oh=00_AYBQABzSIVGWZyCy-s2u79gL2cO8bCWKJF8KRlLZcdy51w&oe=6694A8C3&_nc_sid=10d13b
19,69,57807,https://scontent.cdninstagram.com/v/t39.30808-6/448772078_18416206342071092_287396697869793284_n.jpg?stp=dst-jpg_e35_p1080x1080_sh0.08&_nc_ht=scontent.cdninstagram.com&_nc_cat=108&_nc_ohc=9Q602VeqidUQ7kNvgGuS5pq&edm=APs17CUAAAAA&ccb=7-5&oh=00_AYB3ATzhSpNnz8Z9TF4N-MDEIbRHNvZ1PIteAqwrxxhGAQ&oe=6694A36B&_nc_sid=10d13b
20,32,38205,https://scontent.cdninstagram.com/v/t39.30808-6/448490508_18415498039071092_4067531868901641356_n.jpg?stp=dst-jpg_e35_p1080x1080_sh0.08&_nc_ht=scontent.cdninstagram.com&_nc_cat=108&_nc_ohc=aPdTlp2ZDNAQ7kNvgHNykFk&edm=APs17CUAAAAA&ccb=7-5&oh=00_AYBmlcqZut6r9w_Yh3d-87DysPc77lB5SDgVXl1byWoMkQ&oe=6694BD1C&_nc_sid=10d13b
21,100,20962,https://scontent.cdninstagram.com/v/t51.29350-15/447115760_3519946548305631_1841442606825763775_n.jpg?stp=dst-jpg_e35_p1080x1080&_nc_ht=scontent.cdninstagram.com&_nc_cat=103&_nc_ohc=-8jrnWMYFdsQ7kNvgHXI7_w&edm=APs17CUBAAAA&ccb=7-5&oh=00_AYCbQ1n95dD1VQMtpOhepFgE8imQf9ZIpZ9styOQgBhxNQ&oe=6694A78B&_nc_sid=10d13b
22,50,32011,https://scontent.cdninstagram.com/v/t39.30808-6/417228116_18408259363008562_7665851190086674284_n.jpg?stp=dst-jpg_e35_s1080x1080_sh0.08&_nc_ht=scontent.cdninstagram.com&_nc_cat=110&_nc_ohc=O3tnsmg6pTwQ7kNvgHhrDhJ&edm=APs17CUAAAAA&ccb=7-5&oh=00_AYC-8JVuCLOTnoGfuWal3jJM-636e_adq2vkrdLu6qGmOA&oe=66949E50&_nc_sid=10d13b
23,52,54497,https://scontent.cdninstagram.com/v/t39.30808-6/447568424_18413336128071092_8920696603112296210_n.jpg?stp=dst-jpg_e35_p1080x1080_sh0.08&_nc_ht=scontent.cdninstagram.com&_nc_cat=108&_nc_ohc=lqjXAW_DT74Q7kNvgG5lcl1&edm=APs17CUAAAAA&ccb=7-5&oh=00_AYCa9A2EesLbL4eKF_GA9F1RkxjOS-ro4F-k-IFOtfgQ2Q&oe=669492CB&_nc_sid=10d13b
24,28,13459,https://scontent.cdninstagram.com/v/t51.29350-15/445587537_3650512438503538_8860926978713862659_n.jpg?stp=dst-jpg_e35_p1080x1080&_nc_ht=scontent.cdninstagram.com&_nc_cat=110&_nc_ohc=fFo_RX_ynQgQ7kNvgE2eQP0&edm=APs17CUBAAAA&ccb=7-5&oh=00_AYB1jHwc1aAJYPWHNi_pxz4uWltjAsNpYN1W9jeyDsTiLw&oe=6694C014&_nc_sid=10d13b
25,49,42414,https://scontent.cdninstagram.com/v/t39.30808-6/441549723_18434861575008562_6572102336551392750_n.jpg?stp=dst-jpg_e35_s1080x1080_sh0.08&_nc_ht=scontent.cdninstagram.com&_nc_cat=110&_nc_ohc=mwE5IiuTQXcQ7kNvgH55MiZ&edm=APs17CUAAAAA&ccb=7-5&oh=00_AYCO4svKEke_euVAOG4BGUnN3_-Fykk95Vb4uYONO2X7KQ&oe=6694BAF9&_nc_sid=10d13b
26,340,116180,https://scontent.cdninstagram.com/v/t39.30808-6/438169593_18433627705008562_2872848108109567032_n.jpg?stp=dst-jpg_e35_p1080x1080_sh0.08&_nc_ht=scontent.cdninstagram.com&_nc_cat=110&_nc_ohc=bW8L3DbooZAQ7kNvgEDAPOe&gid=7526315b2c9e4ca69c0e2b16aeb72d3a&edm=APs17CUAAAAA&ccb=7-5&oh=00_AYDoCbRGFdCzQpb5BhSTGwphuyMmwtgQNyumAkqbJ0r_fg&oe=6694C0B6&_nc_sid=10d13b
27,198,83138,https://scontent.cdninstagram.com/v/t39.30808-6/436257645_18434671759008562_5721143442592115936_n.jpg?stp=dst-jpg_e35_s1080x1080_sh0.08&_nc_ht=scontent.cdninstagram.com&_nc_cat=110&_nc_ohc=vbjrEHQJYW0Q7kNvgGsw6JR&edm=APs17CUAAAAA&ccb=7-5&oh=00_AYB0TX2fPciYJoFWb_GUsV1PmU-LsfBqRWIHx-bBuNsCeg&oe=6694949A&_nc_sid=10d13b
28,54,37747,https://scontent.cdninstagram.com/v/t51.29350-15/436545893_1139673990598326_6126717969152347592_n.jpg?stp=dst-jpg_e35_s1080x1080&_nc_ht=scontent.cdninstagram.com&_nc_cat=106&_nc_ohc=VXUOn9eerQgQ7kNvgG6Z3Ui&edm=APs17CUBAAAA&ccb=7-5&oh=00_AYB3AqYRFbTt-hZeEyuHXunH0DIsKXrvE4jbynJh2baKSA&oe=669495F6&_nc_sid=10d13b
29,22,9430,https://scontent.cdninstagram.com/v/t51.29350-15/441255600_459104656505775_5734903507095669263_n.jpg?stp=dst-jpg_e35_s1080x1080&_nc_ht=scontent.cdninstagram.com&_nc_cat=103&_nc_ohc=9SkOJyUNX1sQ7kNvgGhnIl0&edm=APs17CUBAAAA&ccb=7-5&oh=00_AYCuwpHEftQ5tFTua91YTQUdRHJ3XNnp8n2hhow4hrX2ZA&oe=6694B4C0&_nc_sid=10d13b
30,183,55512,https://scontent.cdninstagram.com/v/t39.30808-6/448903956_18445108264023145_4961658373393524866_n.jpg?stp=dst-jpg_e35_s1080x1080_sh0.08&_nc_ht=scontent.cdninstagram.com&_nc_cat=101&_nc_ohc=YBIQLsAydL8Q7kNvgF6hvZI&edm=APs17CUAAAAA&ccb=7-5&oh=00_AYAI04w3RXpNbgr8SqhQCB6yZxBBL-IHhMPSdx8U-HmtBA&oe=6694AA80&_nc_sid=10d13b
31,1293,108957,https://scontent.cdninstagram.com/v/t51.29350-15/449466231_1778861212637469_6312185591291833617_n.jpg?stp=dst-jpg_e35_p1080x1080&_nc_ht=scontent.cdninstagram.com&_nc_cat=109&_nc_ohc=oUXz2NjShloQ7kNvgGnje32&edm=APs17CUBAAAA&ccb=7-5&oh=00_AYD3EtoyazsSyZNh5k3d44l1OsQTp8tfEKxVqs_91YYGjw&oe=66949F31&_nc_sid=10d13b
32,1225,74983,https://scontent.cdninstagram.com/v/t51.29350-15/448889902_442997898692530_2678359608061890832_n.jpg?stp=dst-jpg_e35_p1080x1080&_nc_ht=scontent.cdninstagram.com&_nc_cat=110&_nc_ohc=yyTEU-O1SW8Q7kNvgFgDVsd&edm=APs17CUBAAAA&ccb=7-5&oh=00_AYADLd-QM7MAOdkPMdIA4jj5Bc0Vv5M3YsCw1rLRQBQQLg&oe=6694BC3E&_nc_sid=10d13b
33,29,30158,https://scontent.cdninstagram.com/v/t39.30808-6/445586813_18412269439071092_7503550069740088600_n.jpg?stp=dst-jpg_e35_p1080x1080_sh0.08&_nc_ht=scontent.cdninstagram.com&_nc_cat=108&_nc_ohc=xgu85Z4jTykQ7kNvgEjdj8Q&edm=APs17CUAAAAA&ccb=7-5&oh=00_AYDTr5nNsGY7oZQZaR7_2IryYyOk4H1o5oGLaDa_-6H3Yw&oe=6694969B&_nc_sid=10d13b
34,526,60720,https://scontent.cdninstagram.com/v/t51.29350-15/447164477_1587849675130454_5103608481797172651_n.jpg?stp=dst-jpg_e35_p1080x1080&_nc_ht=scontent.cdninstagram.com&_nc_cat=102&_nc_ohc=QmR8WzyarM8Q7kNvgG7qRZI&edm=APs17CUBAAAA&ccb=7-5&oh=00_AYBdqufhZEIRSad2qXsN4EhS5AW-Hz3aovhOmmKHCFTpGA&oe=6694C8B9&_nc_sid=10d13b
35,127,78651,https://scontent.cdninstagram.com/v/t39.30808-6/447239496_18412797079071092_5721040096457605844_n.jpg?stp=dst-jpg_e35_p1080x1080_sh0.08&_nc_ht=scontent.cdninstagram.com&_nc_cat=108&_nc_ohc=eiRhRRHJ8soQ7kNvgH0cBuX&gid=6996bc02faf54b3aba293a3711ae9a1d&edm=APs17CUAAAAA&ccb=7-5&oh=00_AYAbPfiWak5jSY97Ztu5UWkRLbkt_qkGKwtfQ0ajdUwimA&oe=6694B7C4&_nc_sid=10d13b
36,109,9211,https://scontent.cdninstagram.com/v/t51.29350-15/277029295_3116768345241884_8931998618448844766_n.jpg?stp=dst-jpg_e35_p1080x1080&_nc_ht=scontent.cdninstagram.com&_nc_cat=108&_nc_ohc=DKQ4PGpFTkkQ7kNvgGWno4c&edm=APs17CUBAAAA&ccb=7-5&oh=00_AYClUv-SwCJrq00O0-_vghhNrafpZp-i5eiBhUTIhCr1vg&oe=6694AE56&_nc_sid=10d13b
37,66,16717,https://scontent.cdninstagram.com/v/t51.29350-15/283961729_555142099395390_3812347566432516448_n.jpg?stp=dst-jpg_e35_p1080x1080&_nc_ht=scontent.cdninstagram.com&_nc_cat=106&_nc_ohc=ba3kEh62BN4Q7kNvgG5GckP&edm=APs17CUBAAAA&ccb=7-5&oh=00_AYCba_UOgLAvvNxi4K7C8mwdBLwEwZksJMuUnbedk3V0AA&oe=6694C5C9&_nc_sid=10d13b
38,109,29510,https://scontent.cdninstagram.com/v/t51.29350-15/279714651_130039932720671_6840231187423223098_n.jpg?stp=dst-jpg_e35&_nc_ht=scontent.cdninstagram.com&_nc_cat=111&_nc_ohc=-yrDlsFctQUQ7kNvgHJToNI&edm=APs17CUBAAAA&ccb=7-5&oh=00_AYCvUmGNBQGlKrZ6kn22xxehFmLPzyxP2w5K6bK8D-a14g&oe=6694C698&_nc_sid=10d13b
39,37,7524,https://scontent.cdninstagram.com/v/t51.29350-15/270559913_968473930749838_3327029051787678167_n.jpg?stp=dst-jpg_e35_s1080x1080&_nc_ht=scontent.cdninstagram.com&_nc_cat=110&_nc_ohc=Qti8IEt7dsYQ7kNvgGMINM3&edm=APs17CUBAAAA&ccb=7-5&oh=00_AYClWf1X9Nsviyd_QJy1Z6on1lhvaQglFDO04W5xJzyHuA&oe=6694A368&_nc_sid=10d13b
40,60,10184,https://scontent.cdninstagram.com/v/t51.29350-15/277406117_4983278508422131_8767205145682599804_n.jpg?stp=dst-jpg_e35_p1080x1080&_nc_ht=scontent.cdninstagram.com&_nc_cat=107&_nc_ohc=Tr7KC7DwbVcQ7kNvgFlO0iX&edm=APs17CUBAAAA&ccb=7-5&oh=00_AYAd3NxpJUdJy4vf1XXfI3jMgEm_lExm_BKAHE5TGPtJkg&oe=6694A41A&_nc_sid=10d13b
41,65,13511,https://scontent.cdninstagram.com/v/t51.29350-15/290005925_173958918425885_2337033702928586010_n.jpg?stp=dst-jpg_e35_s1080x1080&_nc_ht=scontent.cdninstagram.com&_nc_cat=105&_nc_ohc=5iqLFScDuMMQ7kNvgGPWqqy&edm=APs17CUBAAAA&ccb=7-5&oh=00_AYB_wQ49UcufbLUtsXGF2fIYFkd7DIbnKJ2CJVe7swqZQg&oe=6694C025&_nc_sid=10d13b
42,6028,2495141,https://scontent.cdninstagram.com/v/t51.29350-15/440863280_822493393117365_2835227562187525640_n.jpg?stp=dst-jpg_e35_p1080x1080&_nc_ht=scontent.cdninstagram.com&_nc_cat=109&_nc_ohc=Mo2wylWItBcQ7kNvgFhkIvF&edm=APs17CUBAAAA&ccb=7-5&oh=00_AYDEWupm8KoKjgOd_6v2r_eMyCP0i_ilvsn0l0teDSkAvg&oe=6694BEC6&_nc_sid=10d13b
43,25,7189,https://scontent.cdninstagram.com/v/t51.29350-15/440507669_7406642649412675_725146196552998007_n.jpg?stp=dst-jpg_e35_s1080x1080&_nc_ht=scontent.cdninstagram.com&_nc_cat=107&_nc_ohc=RTldwqv-rHcQ7kNvgGxkTmD&edm=APs17CUBAAAA&ccb=7-5&oh=00_AYCytHmOFP9SHA7Ao_AM5HmtGNtbEWobMrzzqsWpW1bPCw&oe=6694A9A8&_nc_sid=10d13b
44,68,47551,https://scontent.cdninstagram.com/v/t39.30808-6/439993251_18431667418008562_7981921518958014973_n.jpg?stp=dst-jpg_e35_p1080x1080_sh0.08&_nc_ht=scontent.cdninstagram.com&_nc_cat=110&_nc_ohc=3HXd0HaM5AkQ7kNvgEeeMnI&edm=APs17CUAAAAA&ccb=7-5&oh=00_AYC324uW30O04JUwKjxjxFtz_Ry9ubX-mVCirLd-bfCuXQ&oe=6694C628&_nc_sid=10d13b
45,1091,67651,https://scontent.cdninstagram.com/v/t51.29350-15/448570119_989708662702752_719570898693314188_n.jpg?stp=dst-jpg_e35_p1080x1080&_nc_ht=scontent.cdninstagram.com&_nc_cat=100&_nc_ohc=GvY8zZ3e01QQ7kNvgGNgcdG&edm=APs17CUBAAAA&ccb=7-5&oh=00_AYCHCoHBbUIkiOSZu9hzdttJ9ufQHm2t7rsblx40HRna-w&oe=6694C21D&_nc_sid=10d13b
46,789,79320,https://scontent.cdninstagram.com/v/t39.30808-6/444482885_18046821682684540_3888608029813925681_n.jpg?stp=dst-jpg_e35_p1080x1080_sh0.08&_nc_ht=scontent.cdninstagram.com&_nc_cat=104&_nc_ohc=c7CSa6soHmgQ7kNvgG1lbRh&edm=APs17CUAAAAA&ccb=7-5&oh=00_AYApy0lP8X7budZnhHYZa66jypFtBgYbrJSE7X0FJSzySw&oe=66949F8E&_nc_sid=10d13b
47,4209,209042,https://scontent.cdninstagram.com/v/t51.29350-15/445971399_426476567014576_924220626992060924_n.jpg?stp=cp6_dst-jpg_e35_fr_p1080x1080&_nc_ht=scontent.cdninstagram.com&_nc_cat=104&_nc_ohc=1vA-qoJ-lSUQ7kNvgFn_rPN&edm=APs17CUBAAAA&ccb=7-5&oh=00_AYD_dJCOpEIYfrryucppXaQMd_PePkFF5eSCE-R4DENMfQ&oe=66949D86&_nc_sid=10d13b
48,21,1813,https://scontent.cdninstagram.com/v/t51.29350-15/249829670_418908839642442_3988237777602677128_n.jpg?stp=dst-jpg_e35&_nc_ht=scontent.cdninstagram.com&_nc_cat=106&_nc_ohc=kPpQ7lrMK-AQ7kNvgEumub_&edm=APs17CUBAAAA&ccb=7-5&oh=00_AYCcn9T3uwuYgjn6IohkNjmqLnzup85bG2J4RKWaAe0_8A&oe=6694C67E&_nc_sid=10d13b
49,67,17375,https://scontent.cdninstagram.com/v/t51.29350-15/326414126_859415611982227_8328334925059231218_n.jpg?stp=dst-jpg_e35_p1080x1080&_nc_ht=scontent.cdninstagram.com&_nc_cat=107&_nc_ohc=wp1yww1ZchgQ7kNvgEOp0mI&edm=APs17CUBAAAA&ccb=7-5&oh=00_AYCwhED419PXJPGW4ZT7rMOrjsiXeFO7xs6MCABW8qRwKg&oe=6694C3C5&_nc_sid=10d13b
50,79,8790,https://scontent.cdninstagram.com/v/t51.29350-15/240363111_1042671082935302_7810257334546038294_n.jpg?stp=dst-jpg_e35_p1080x1080&_nc_ht=scontent.cdninstagram.com&_nc_cat=102&_nc_ohc=DC1trrzV7_oQ7kNvgFYIHrr&edm=APs17CUBAAAA&ccb=7-5&oh=00_AYDhbYf9F1vWV3t_EqYzkGdzoVupLz2_zvR9BJqSRmaMOQ&oe=66949ED2&_nc_sid=10d13b
51,625,105581,https://scontent.cdninstagram.com/v/t51.29350-15/427632334_958058575751167_1713401600961918461_n.jpg?stp=dst-jpg_e35_p1080x1080&_nc_ht=scontent.cdninstagram.com&_nc_cat=107&_nc_ohc=ebH4aLWAVaIQ7kNvgGiewdm&edm=APs17CUBAAAA&ccb=7-5&oh=00_AYCzDpLsjV2m1-eur9j4Yez0Bbs984tw0wZOnlEj797_Qg&oe=6694B329&_nc_sid=10d13b
52,151,8379,https://scontent.cdninstagram.com/v/t51.29350-15/241410545_373801591157333_8940296616334407403_n.jpg?stp=dst-jpg_e35_p1080x1080&_nc_ht=scontent.cdninstagram.com&_nc_cat=105&_nc_ohc=JC9A3-PurCYQ7kNvgF_KL6s&edm=APs17CUBAAAA&ccb=7-5&oh=00_AYAd3l1Wa7sJxAlyES-1IOVPverM-lAwbt63JJg9gocsAw&oe=6694BD13&_nc_sid=10d13b
53,134,7438,https://scontent.cdninstagram.com/v/t51.29350-15/246445800_459148075488785_68587811050703148_n.jpg?stp=dst-jpg_e35_s1080x1080&_nc_ht=scontent.cdninstagram.com&_nc_cat=105&_nc_ohc=nvZWWztBkggQ7kNvgFvL_qD&gid=0cbae796641f4740a42fa295714400a4&edm=APs17CUBAAAA&ccb=7-5&oh=00_AYAP-xYNaHM1SaidxVzwvb1TgzHPg64vXt3rLnfxpxxQoA&oe=6694C2A6&_nc_sid=10d13b
54,86,40228,https://scontent.cdninstagram.com/v/t51.29350-15/449323965_821937059926558_3435114016651206394_n.jpg?stp=dst-jpg_e35_p1080x1080&_nc_ht=scontent.cdninstagram.com&_nc_cat=110&_nc_ohc=nuPBS2q32IEQ7kNvgEO6v5c&edm=APs17CUBAAAA&ccb=7-5&oh=00_AYCt_HAugl0WG-Qa0uBP0PXxhG-3MRtfp9LB5sOLpNvgeQ&oe=6694A27C&_nc_sid=10d13b
55,78,49751,https://scontent.cdninstagram.com/v/t51.29350-15/447100195_1148135356385905_6616106435174433579_n.jpg?stp=dst-jpg_e35_p1080x1080&_nc_ht=scontent.cdninstagram.com&_nc_cat=101&_nc_ohc=mhweVzL2eq8Q7kNvgEbxzOk&gid=4df3f7980acf4f01a046afbfc7b87c7c&edm=APs17CUBAAAA&ccb=7-5&oh=00_AYA1ZZwhZC69zMLvLoLcrWeM6JBtCBeNUw9-DDXjJPHVLQ&oe=6694B8D6&_nc_sid=10d13b
56,450,336543,https://scontent.cdninstagram.com/v/t51.29350-15/448979452_396092126171516_4023006012073573695_n.jpg?stp=dst-jpg_e35_p1080x1080&_nc_ht=scontent.cdninstagram.com&_nc_cat=108&_nc_ohc=4djZeZS6HdEQ7kNvgGRyt7N&edm=APs17CUBAAAA&ccb=7-5&oh=00_AYAi3wGloUeAhHKUA0Q0XCfLC0urchiPNuqxnj0ZyVnlgQ&oe=6694A274&_nc_sid=10d13b
57,456,265411,https://scontent.cdninstagram.com/v/t51.29350-15/448491755_1189379325389511_7577188483479457974_n.jpg?stp=dst-jpg_e35_p1080x1080&_nc_ht=scontent.cdninstagram.com&_nc_cat=103&_nc_ohc=wsuBrSItJx0Q7kNvgEIv-Vs&edm=APs17CUBAAAA&ccb=7-5&oh=00_AYBQOwVzpc9O8joz7qxL4m5HpolUK_EJnnhz7WMfdu6QUQ&oe=6694977D&_nc_sid=10d13b
58,232,202589,https://scontent.cdninstagram.com/v/t51.29350-15/447919595_474824511615502_7190363963960532787_n.jpg?stp=dst-jpg_e35_p1080x1080&_nc_ht=scontent.cdninstagram.com&_nc_cat=110&_nc_ohc=cite6PzzMcgQ7kNvgGWjzfK&edm=APs17CUBAAAA&ccb=7-5&oh=00_AYD1qF1FP82zwgKFOR7AQ_S3oY15KvV1pMgOapTjrPRPDg&oe=6694BF71&_nc_sid=10d13b
59,152,82148,https://scontent.cdninstagram.com/v/t51.29350-15/445180705_1588415838367685_5769929817357299198_n.jpg?stp=dst-jpg_e35_p1080x1080&_nc_ht=scontent.cdninstagram.com&_nc_cat=105&_nc_ohc=az8y8bmSzm0Q7kNvgFb6Eqo&edm=APs17CUBAAAA&ccb=7-5&oh=00_AYA8Ar0QXPuVGyCBNrU7I_veRGXSn1dxB7l13P653oJwYg&oe=66949AE1&_nc_sid=10d13b
60,56,56719,https://scontent.cdninstagram.com/v/t51.29350-15/446933866_1485407112353308_5375400820005341516_n.jpg?stp=dst-jpg_e35_p1080x1080&_nc_ht=scontent.cdninstagram.com&_nc_cat=104&_nc_ohc=bwynvDp3iRcQ7kNvgGzrf2S&edm=APs17CUBAAAA&ccb=7-5&oh=00_AYAypamdrcMsyxzFeBkBisN_9D05a65Be48rCew3QlEYFg&oe=6694BEFC&_nc_sid=10d13b
61,88,51733,https://scontent.cdninstagram.com/v/t51.29350-15/446555126_2119592241748533_6113401977953629899_n.jpg?stp=dst-jpg_e35_p1080x1080&_nc_ht=scontent.cdninstagram.com&_nc_cat=109&_nc_ohc=De1hnuW44mwQ7kNvgEoOxVv&edm=APs17CUBAAAA&ccb=7-5&oh=00_AYBkHAO3BfGrLsdFHhkhKJVAHaRqIFqew7iZdi9QiZ7YWA&oe=6694A467&_nc_sid=10d13b
62,55,38112,https://scontent.cdninstagram.com/v/t51.29350-15/442668459_1236937950610075_2134547795152869113_n.jpg?stp=dst-jpg_e35_p1080x1080&_nc_ht=scontent.cdninstagram.com&_nc_cat=107&_nc_ohc=TJlHaAUw428Q7kNvgHyIg41&edm=APs17CUBAAAA&ccb=7-5&oh=00_AYCGs4MSNfbX1HAm_hOMmd1VSMRfHm1qkR5yNUkIgypQNA&oe=6694A99D&_nc_sid=10d13b
63,760,173113,https://scontent.cdninstagram.com/v/t51.29350-15/447070104_1161385278320103_3727436086234731776_n.jpg?stp=dst-jpg_e35_p1080x1080&_nc_ht=scontent.cdninstagram.com&_nc_cat=103&_nc_ohc=xEeM636FoFgQ7kNvgF5hfec&gid=4e784fc7d95f41debaf34dfbea6aa347&edm=APs17CUBAAAA&ccb=7-5&oh=00_AYD3zBgRXymheg6uovtra-18DvLwqTLeauO1e84VI4JIFQ&oe=66949574&_nc_sid=10d13b
64,141,66841,https://scontent.cdninstagram.com/v/t51.29350-15/440914597_437412265496197_1982539071852363384_n.jpg?stp=dst-jpg_e35_p1080x1080&_nc_ht=scontent.cdninstagram.com&_nc_cat=101&_nc_ohc=I_oimId6MLMQ7kNvgG3vDgt&edm=APs17CUBAAAA&ccb=7-5&oh=00_AYAwzpX0PmlmbRgjSueUYKHE6Rzu1rxwcqLkjkGrDrtruw&oe=6694B196&_nc_sid=10d13b
65,43,28194,https://scontent.cdninstagram.com/v/t51.29350-15/439121655_1238339040461309_5199174703478700385_n.jpg?stp=dst-jpg_e35_p1080x1080&_nc_ht=scontent.cdninstagram.com&_nc_cat=105&_nc_ohc=reNqPifmxnYQ7kNvgGtPihX&edm=APs17CUBAAAA&ccb=7-5&oh=00_AYAT6CfNXV5UfAKZMirqPTVDau39B_s-PFMuhZO9u8s9Fg&oe=6694C3B5&_nc_sid=10d13b
66,271,16462,https://scontent.cdninstagram.com/v/t39.30808-6/442436852_18029146697016600_5414008961633020074_n.jpg?stp=dst-jpg_e35_s1080x1080_sh0.08&_nc_ht=scontent.cdninstagram.com&_nc_cat=100&_nc_ohc=p4liTBhlOTIQ7kNvgHRNy4Q&edm=APs17CUAAAAA&ccb=7-5&oh=00_AYAfjxFIIhxLIlXBrheH8a1UXV5_STMx4ulto4qqWmOLJA&oe=6694C0B2&_nc_sid=10d13b
67,80,75411,https://scontent.cdninstagram.com/v/t51.29350-15/446126359_1520495958811372_3435021896024374036_n.jpg?stp=dst-jpg_e35_p1080x1080&_nc_ht=scontent.cdninstagram.com&_nc_cat=104&_nc_ohc=MoYm7VkckwsQ7kNvgFMEJP9&edm=APs17CUBAAAA&ccb=7-5&oh=00_AYA_sM1mQgfLmgIYhY37s7thZCir-KQDoE89aqu3zWEPAg&oe=6694B792&_nc_sid=10d13b
68,176,62542,https://scontent.cdninstagram.com/v/t39.30808-6/448356650_18443695477023145_354357731382758577_n.jpg?stp=dst-jpg_e35_p1080x1080_sh0.08&_nc_ht=scontent.cdninstagram.com&_nc_cat=101&_nc_ohc=2TNM5De0H-sQ7kNvgFJO5Tq&edm=APs17CUAAAAA&ccb=7-5&oh=00_AYB8X7_x2IIHJ_D0egRpi5ChO2dI6VA_xIfW_rYsmtgSBw&oe=6694A2AE&_nc_sid=10d13b
69,37,6621,https://scontent.cdninstagram.com/v/t51.29350-15/259453014_1134947693929164_8322052307206405772_n.jpg?stp=dst-jpg_e35_p1080x1080&_nc_ht=scontent.cdninstagram.com&_nc_cat=100&_nc_ohc=PLB3L_fvbFsQ7kNvgE-bB5p&edm=APs17CUBAAAA&ccb=7-5&oh=00_AYAspUQ34T9DlfnSXpSBTHvCJgjMJQTEIP0s9h2a5oplCw&oe=6694B7B7&_nc_sid=10d13b
70,2609,282200,https://scontent.cdninstagram.com/v/t39.30808-6/411242412_18404820166035827_3765410721521635468_n.jpg?stp=dst-jpg_e35_p1080x1080_sh0.08&_nc_ht=scontent.cdninstagram.com&_nc_cat=111&_nc_ohc=vjjxAwGh8b8Q7kNvgGd_zWJ&edm=APs17CUAAAAA&ccb=7-5&oh=00_AYBDZI-kfuMW8YO06mOwfosKRkrcehPcQEnCV-vCiTW86w&oe=6694BFF9&_nc_sid=10d13b
71,29,24614,https://scontent.cdninstagram.com/v/t51.29350-15/441262647_969143424918839_7787474644048006580_n.jpg?stp=dst-jpg_e35_p1080x1080&_nc_ht=scontent.cdninstagram.com&_nc_cat=111&_nc_ohc=U2RIfOm2rggQ7kNvgGfSbcA&edm=APs17CUBAAAA&ccb=7-5&oh=00_AYBg5RfSe0nLqT1PUJDqINyFrQM9nklaZkVkOxzUH-x5eg&oe=6694BBDE&_nc_sid=10d13b
72,52,23564,https://scontent.cdninstagram.com/v/t39.30808-6/446935725_18437855491035827_4074713254916895117_n.jpg?stp=dst-jpg_e35_p1080x1080_sh0.08&_nc_ht=scontent.cdninstagram.com&_nc_cat=111&_nc_ohc=bvYS1AmAAsMQ7kNvgGRqv4M&edm=APs17CUAAAAA&ccb=7-5&oh=00_AYDNqvQHPc2cRjcZuKVyY6GVccThxU61wbcutnVdzPTwdg&oe=6694B4E3&_nc_sid=10d13b
73,247,62471,https://scontent.cdninstagram.com/v/t39.30808-6/445174712_18436776328035827_2944973277263259942_n.jpg?stp=dst-jpg_e35_p1080x1080_sh0.08&_nc_ht=scontent.cdninstagram.com&_nc_cat=111&_nc_ohc=sI7649dj8SIQ7kNvgFzMWzg&edm=APs17CUAAAAA&ccb=7-5&oh=00_AYAOJeESIzoHFwjczQgUKbsh3PDZMsjLeJrFj4fogwLc7g&oe=6694987D&_nc_sid=10d13b
74,75,67004,https://scontent.cdninstagram.com/v/t39.30808-6/448710765_18441012187035827_3940704091370626668_n.jpg?stp=dst-jpg_e35_p1080x1080_sh0.08&_nc_ht=scontent.cdninstagram.com&_nc_cat=111&_nc_ohc=iop1g80oOMkQ7kNvgF-aqwU&edm=APs17CUAAAAA&ccb=7-5&oh=00_AYChm4Trpw1CwZGbx7oY42hhboUizmFCmQgSnYgxBqkPSA&oe=6694B7B5&_nc_sid=10d13b
75,310,55671,https://scontent.cdninstagram.com/v/t39.30808-6/444137672_18435004165035827_8264012606863164082_n.jpg?stp=dst-jpg_e35_p1080x1080_sh0.08&_nc_ht=scontent.cdninstagram.com&_nc_cat=111&_nc_ohc=rF2GdUX_Ms0Q7kNvgG4RtYv&edm=APs17CUAAAAA&ccb=7-5&oh=00_AYDKPxnl2cEK1AzOlpqGW5-UsV9I5YX1w4ZVpdj3Cui_Aw&oe=669493AA&_nc_sid=10d13b
76,929,150738,https://scontent.cdninstagram.com/v/t39.30808-6/436361123_18435185434035827_5049710726050976628_n.jpg?stp=dst-jpg_e35_p1080x1080_sh0.08&_nc_ht=scontent.cdninstagram.com&_nc_cat=111&_nc_ohc=UhOW8Ym891UQ7kNvgHfSlWD&edm=APs17CUAAAAA&ccb=7-5&oh=00_AYChDmtReCcCGxdakwsckjlkEfvjjrGzI38uHcs0-Gh0lQ&oe=6694C37C&_nc_sid=10d13b
77,187,116387,https://scontent.cdninstagram.com/v/t39.30808-6/444214162_18430103641023905_7251272618577518999_n.jpg?stp=dst-jpg_e35_p1080x1080_sh0.08&_nc_ht=scontent.cdninstagram.com&_nc_cat=105&_nc_ohc=527th9RRCq0Q7kNvgGzmYiA&edm=APs17CUAAAAA&ccb=7-5&oh=00_AYA0qh0p5Ze0z17KkgPLML4GWAuMhexCSi6--aZjiqePVg&oe=6694AF34&_nc_sid=10d13b
