id;comments
1;Arey they cousins???
1;Bb
1;.b ..
1;B
1;:smiling_face_with_heart-eyes:
1;Which filter u use please tell:pleading_face::pleading_face:
1;:red_heart:Ô∏è
2;very 90s raveena tandon photoshoot aura of you:white_heart::sparkles:
2;tariniiii:loudly_crying_face::growing_heart:
2;You may even call me desperate:loudly_crying_face:ü´£
2;I can just comment (flirt with you) on all your posts whether you see, reply or not:loudly_crying_face::loudly_crying_face: you are just the gorgeous one:weary_face::weary_face::loudly_crying_face::loudly_crying_face:ü•πü•π:growing_heart::growing_heart:
2;:smiling_face_with_heart-eyes::smiling_face_with_heart-eyes::smiling_face_with_heart-eyes:
2;:linked_paperclips:Ô∏è:linked_paperclips:Ô∏è:linked_paperclips:Ô∏è
2;Always dreamy :two_hearts:
2;Slay slayyyyyy:pinched_fingers_medium_skin_tone::sparkles::ribbon:
2;Taylor's long distance daughters- @tarini_shah & @the.rebel.kid ü´∂
2;:fire:
3;:smiling_face_with_heart-eyes::smiling_face_with_heart-eyes::smiling_face_with_heart-eyes:
3;:red_heart:Ô∏è:red_heart:Ô∏è:sparkles::sparkles:
3;She's so beautiful :loudly_crying_face::loudly_crying_face::kiss_mark:girlll cute sexy chubby I love her so much
3;:red_heart:Ô∏è
3;Come back to Mumbai...we are missing you
3;Looking lovely dear :smiling_face_with_hearts::red_heart:Ô∏è
3;So pretty :sparkles::sparkling_heart:
3;So pretty love :red_heart:Ô∏è:red_heart:Ô∏è
3;She's so prettyyy:loudly_crying_face::loudly_crying_face::red_heart:Ô∏è:red_heart:Ô∏è
3;just like a movie,no doubt I had fallen for you but you left me with your love and never came back again
4;:red_heart:Ô∏è
4;:nazar_amulet::nazar_amulet::nazar_amulet::nazar_amulet::nazar_amulet:
4;:fire::fire::red_heart:Ô∏è
4;:red_heart:Ô∏è:red_heart:Ô∏è:red_heart:Ô∏è:red_heart:Ô∏è
4;Man really, y‚Äôall make anyone famous these days
4;Cutiee:smiling_face_with_heart-eyes:
4;Hiii
4;Congratulations!
4;I think noone these articles...
5;#shahbazkhanworld:musical_note::SOON_arrow: :fire:
5;R
5;2nd slideeeee >>>>>>>>
5;:smiling_face_with_heart-eyes::smiling_face_with_heart-eyes::smiling_face_with_heart-eyes:
5;Aap Pasha kaha sa aatha h
5;I hateee youuu for being in greece without me :loudly_crying_face:
5;RAnNDIi
6;:fire::fire:
6;But mereko toh bas black cheez dikh rhi h usko utaro na :face_with_tears_of_joy:
6;How bout buying a personal  beach , obviously at the age of 14 :face_with_tears_of_joy::face_with_tears_of_joy::face_with_tears_of_joy::face_with_tears_of_joy:
6;:red_heart:Ô∏è:smiling_face_with_heart-eyes:
6;Gold :pick:Ô∏è
7;Meri patni @d.dewdropper_ ki maang bhardo bhai.
7;:speaking_head:Ô∏è:speaking_head:Ô∏è:speaking_head:Ô∏è Crescent Bay mentioned rahhhh
7;make my sis @__ sakshi0409__ your wife. we are destinguishly rich:rolling_on_the_floor_laughing: best comment ever:rolling_on_the_floor_laughing::rolling_on_the_floor_laughing:, duplicate version of me. they don't say it out loud duh. your mu. m knows
7;love this <3
7;Bhai, let's meet and make love :face_blowing_a_kiss::face_blowing_a_kiss::face_blowing_a_kiss::face_blowing_a_kiss:
7;New yt video kab?
7;:smiling_face_with_heart-eyes::smiling_face_with_heart-eyes:
8;:red_heart:Ô∏è:red_heart:Ô∏è
8;Short king
8;tastiest boy here
8;:red_heart:Ô∏è:red_heart:Ô∏è:smiling_face_with_heart-eyes::smiling_face_with_heart-eyes:
8;10/10 poses
8;:smiling_face_with_heart-eyes::fire:
8;we got dev and shreya collab before gta 6
8;Dope
8;Man posted shreya dayum
9;:smiling_face_with_heart-eyes::raising_hands:
9;I am so jealous of everyone around you
9;too good to be true :smiling_face_with_heart-eyes:
9;4th picture is the cutest :smiling_face_with_hearts::brown_heart:
9;:heart_exclamation:Ô∏è
9;These are some of the best pictures
9;I am writing on behalf of Teen Talk Vent, an Instagram account dedicated to providing a safe space for teenagers to express their emotions and seek support. As a teenager myself, I understand the importance of having a platform for venting. We are reaching out to request your support in promoting our cause so that every teenager can benefit from our services. We believe that your voice and influence could make a significant difference in the lives of teenagers who are navigating the complexities of adolescence. Together, we can create a supportive community where young individuals feel empowered to open up about their feelings and seek the help they need.
9;Cutuuu:smiling_face_with_heart-eyes:ü•πü´∂:light_skin_tone:
9;I feel the peace :dove:Ô∏è:folded_hands:
9;Blessed you are bhai :smiling_face_with_heart-eyes::red_heart:Ô∏è:folded_hands_light_skin_tone:
10;Pls stop i just recovered from the karma trauma :skull:
10;I just threw up in my mouth a little bit
10;27 year's old and I still Love you Music and u @itsjojosiwa  your my Favorite Artist :red_heart:Ô∏è
10;I love you Jojo I've been a Fan of yours since Boomerang :red_heart:Ô∏è:red_heart:Ô∏è:red_heart:Ô∏è:red_heart:Ô∏è:red_heart:Ô∏è:red_heart:Ô∏è
10;Got it Pre-saved I've been  ur fan since you Released Boomerang :red_heart:Ô∏è:red_heart:Ô∏è:red_heart:Ô∏è I will support u through everything
10;Sold her soul
10;jojo please can we have a civil conversation i need to tell you so many things please jojo please
11;Pee doe activities
11;:star_and_crescent:Ô∏è:red_heart:Ô∏è
11;Why post the vid with no sound? God I hate you
11;HER GAME IS DISGUSTING !! You PERVERT
11;No one's talking about Tyler Cameron and how he's 31 and JoJo is 21!!!
11;
11;:smiling_face_with_heart-eyes:
12;Uff looks:smiling_face_with_heart-eyes:
12;Aap pe toh crush aa gya ji
12;Please please please marry meeeee
12;Pls see my text, heal meü•π:loudly_crying_face:
12;SIMPPPP FOR YOUU:loudly_crying_face:
12;Baar baar like krne ka man krtaaa haiiiii :red_heart:Ô∏è:loudly_crying_face::grinning_cat_with_smiling_eyes:
12;Just so beautiful :two_hearts::loudly_crying_face::collision::heart_with_ribbon:
12;"The waves ""Are you a wave? Because your beauty leaves me breathless."
12;@ruchii_garg got from you:red_heart:Ô∏è
13;I can't with the cute bowsss :loudly_crying_face::loudly_crying_face::ribbon::sparkles:
13;Pookie :ribbon:
13;So pretty
13;Stand up everyone the real pookie has arrived :ribbon:
13;She's such archies :ribbon:veronica:ribbon: coded omg. ü•π:ribbon:
13;:smiling_face_with_heart-eyes::smiling_face_with_heart-eyes:
13;Wow so cool
13;:ribbon::loudly_crying_face::sparkles::growing_heart:
13;Pookiew
13;you look like envy from inside out:loudly_crying_face::strawberry:
14;bro u should def get your legs waxed in the next yt vdo:face_with_tears_of_joy::loudly_crying_face:
14;:face_with_tears_of_joy::face_with_tears_of_joy:
14;:red_heart:Ô∏è:red_heart:Ô∏è:red_heart:Ô∏è:red_heart:Ô∏è:red_heart:Ô∏è
14;High on twink energy
14;:face_with_tears_of_joy::face_with_tears_of_joy:
14;Common be honest what did you do after jelly fish stung you?
14;Susu kar lo stinger pe
14;tu toh mermaid nikla
14;and chandler :rolling_on_the_floor_laughing:
15;Tag me and @adesh_satsangi buddy, we in the background :face_with_tears_of_joy:
15;ü•πü´∂:light_skin_tone::nazar_amulet:
15;:red_heart:Ô∏è:red_heart:Ô∏è:red_heart:Ô∏è:red_heart:Ô∏è:red_heart:Ô∏è:red_heart:Ô∏è:red_heart:Ô∏è:red_heart:Ô∏è
15;Rk
15;:India::India::red_heart:Ô∏è:red_heart:Ô∏è
15;why u so hot
15;:India::India::India::India::India:
15;Bhaiiiii:loudly_crying_face::India::red_heart:Ô∏è
16;<3333
16;@deewaytime ???
16;rodrick heffley
16;Bro u good u seem to be bleeding
16;HOW DO I TEXT U WTFF
16;Roderick's Indian version
16;:crying_face:
16;U look angrej ka dalal
16;LG QHD TV
16;Too much insecurity
17;To the hardest goodbye!
17;Too good:sparkles::sparkles::sparkles::sparkles:
17;Three girls in one frame 3/10:face_with_tears_of_joy:
17;Patrick bateman
17;Hottieee
17;"You know you love me, I know you care (Yo, uh-huh)
Just shout whenever and I'll be there (Yo, uh-huh)
You are my love, you are my heart (Yo, uh-huh)
And we will never, ever, ever be apart (Yo, uh-huh)
Are we an item? Girl, quit playing (Yo, uh-huh)
We're just friends, what are you saying? (Yo, uh-huh)
Said, ""There's another"" and looked right in my eyes (Yo, uh-huh)
My first love broke my heart for the first time, and I was like (Yo, uh-huh)
[Justin Bieber:]
Baby, baby, baby, oh
Like baby, baby, baby, no
Like baby, baby, baby, oh
Thought you'd always be mine, mine
Baby, baby, baby, oh
Like baby, baby, baby, no
Like baby, baby, baby, oh
Thought you'd always be mine, mine
[Justin Bieber (Ludacris):]
Oh, for you, I would've done whatever (Yo, uh-huh)
And I just can't believe we ain't together (Yo, uh-huh)
And I wanna play it cool, but I'm losing you (Yo, uh-huh)
I'll buy you anything, I'll buy you any ring (Yo, uh-huh)
And I'm in pieces, baby, fix me (Yo, uh-huh)
And just shake me 'til you wake me from this bad dream (Yo, uh-huh)
I'm going down, down, down, down (Yo, uh-huh)
And I just can't believe my first love won't be around, and I'm like
[Justin Bieber:]
Baby, baby, baby, oh
Like baby, baby, baby, no
Like baby, baby, baby, oh
Thought you'd always be mine, mine
Baby, baby, baby, oh
Like baby, baby, baby, no
Like baby, baby, baby, oh
Thought you'd always be mine, mine
[Ludacris:]
(Luda) When I was thirteen, I had my first love
There was nobody that compared to my baby, and nobody came between us nor could ever come above
She had me going crazy, oh, I was starstruck
She woke me up daily, don't need no Starbucks (Woo)
She made my heart pound, and skip a beat
When I see her in the street
And at school on the playground, but I really wanna see her on the weekend
She knows she got me dazing
'Cause she was so amazing
And now my heart is breaking
But I just keep on saying
[Justin Bieber:]
Baby, baby, baby, oh
Like baby, baby, baby, no
Like baby, baby, baby, oh
Thought you'd always be mine, mine
Baby, baby, baby, oh
Like baby, baby, baby, no
Like baby, baby, baby, oh
Thought you'd always be mine, mine
I'm gone (Yeah-yeah-yeah, yeah-yeah-yeah)
Now I'm all gone (Yeah"
17;@_ishaan01__ says hi
17;Happy Prom dayy:red_heart:Ô∏è:fire:
18;RODRICK HEFFLEY WHO
18;ŸÜÿ≥ÿ™ÿ≥ŸÖÿ≠ŸÉ
18;1st picture is too cute! :smiling_face_with_hearts:
18;5th photo is :fire::clown_face:
18;:fire::red_heart:Ô∏è
18;AHHH:loudly_crying_face:<3
18;:smiling_face_with_heart-eyes::smiling_face_with_heart-eyes:
18;wow looking good :grinning_face_with_sweat:
18;Sharma lagana Bhool gaya tu apne Naam par :face_with_tears_of_joy:
19;Ohh Disneyland :pleading_face::red_heart:Ô∏è
19;:smiling_face_with_heart-eyes: co cute
19;So so cuteeee
19;So cute ü´∂:medium-light_skin_tone::nazar_amulet:
19;:smiling_face_with_heart-eyes::smiling_face_with_heart-eyes::smiling_face_with_heart-eyes:
19;:growing_heart::growing_heart::growing_heart:
19;So cute :growing_heart::growing_heart:
19;:growing_heart::thumbs_up_light_skin_tone:
19;Looking so beautiful and hotty gorgeous looks . :red_heart:Ô∏è:red_heart:Ô∏è:red_heart:Ô∏è:red_heart:Ô∏è:growing_heart::growing_heart::growing_heart:
20;:red_heart:Ô∏è:red_heart:Ô∏è
20;U edited it like some poster of 2000's romcom
20;It infact has been waiting for you madame
20;Diet mountain dew baby newyork city , never was a girl ever so pretty :sunflower:
20;Mumbai :red_heart:Ô∏è
20;Made me feel so many emotions. This is what photography is and what I would like to do more. :growing_heart::growing_heart::smiling_face_with_hearts::pleading_face:
20;Damn your smile :red_heart:Ô∏è:weary_face:
20;Slayyy motherrr :raising_hands::fire:ü´∂:light_skin_tone::collision::collision:
20;@_priyyaaa30 i want her:cowboy_hat_face:
21;:smiling_face_with_heart-eyes:
21;Shirt h&m se liya hai isne:loudly_crying_face::loudly_crying_face:
21;:red_heart:Ô∏è:red_heart:Ô∏è
21;:red_heart:Ô∏è:red_heart:Ô∏è:red_heart:Ô∏è
21;In first picture i thought it was your dad
21;For a sec thought Ayesha khan:face_with_tears_of_joy:
21;Badmash ne editing ki hai Juhu mai hai badmash . Bade tej horahe ho :zany_face::smirking_face:
21;Hn krlo bodmaashi Bali mein :sloth::ribbon:
21;Og badmash company
21;Photoshop
22;Hi
22;Did you really forget that your broadcast exists :loudly_crying_face::loudly_crying_face::loudly_crying_face:??
22;Dream
22;Can you follow me back @devraiyanii ??
22;Great photos
22;so cute
22;Himmmm
22;i couldn‚Äôt be there :loudly_crying_face::loudly_crying_face:
23;ye GTA wala hai na\
23;Live your life the way a best life should be living girrl:brown_heart:
23;Nicee
23;So cute
23;6 slide damn
23;Cute outfit ü´∂:light_skin_tone:
23;Umm Beautiful :tulip:
23;Omg shorts from ????
23;i only lived these moments through GTA 5
23;Living :blue_heart:
24;birddy feels :bird:‚Äç:black_large_square::black_heart:
24;Random gc ?
24;1,2,3,4,5,6,8 : 2050.  7: 2016 :goblin:
24;:prince_light_skin_tone:ü´∂:light_skin_tone:
24;Random gc ü•π
24;:fire:
24;tutorial give
24;Weeknd Ahh Creative :fire::clapping_hands:
24;saras post:check_mark_button:
24;7/8 :palms_up_together_medium-light_skin_tone:
25;Lifafa nahi bhai please
25;:fire:
25;:red_heart:Ô∏è:red_heart:Ô∏è:red_heart:Ô∏è:red_heart:Ô∏è
25;Youre so damm fine :smiling_face_with_heart-eyes::face_exhaling:
25;The fact that you said heart @realhimesh :smiling_face:Ô∏è:victory_hand:Ô∏è
25;Why are you wearing mouny Roy on your shirt!?:face_with_tears_of_joy:
25;Ur smile:red_heart:Ô∏è:fire::smiling_face_with_heart-eyes:..
25;Bhai Lifafa Ko Mainstream Karke Manega Tu:pensive_face:
25;:chart_increasing::rocket:
25;Wait..why he kinda‚Ä¶
26;Last slide, very insightful. So smurt. Congratulationzz
26;6
26;I thought your real name was arusha reddy ramanathan for a sec there
26;:smiling_face_with_heart-eyes::smiling_face_with_heart-eyes::smiling_face_with_heart-eyes:
26;Computer science graduated Manoj
26;Bro Mera KoumPter theek kardooo?
26;where is it?@gxuriii.05
26;@gamor_11 LA
27;I had a crush on tht biscuit guy since forever‚Ä¶ I couldn‚Äôt hv ever guessed that‚Äôs gonna be him :smiling_face_with_heart-eyes::face_with_tears_of_joy:
27;Yo I was born in 2007 :exploding_head:
27;"So you were the one whom I saw and thought ""ye ldka kitna cute hai"" when I was 6!!"
27;I knew I had seen you somewhere
27;Bhai tu bachpan se star
27;Bro is a star
27;:fire:
27;@barkha_shuklaaa muh ki bat chhin li
27;@barkha_shuklaaa request accept krlo yar
28;The lights :loudly_crying_face::sloth::pinched_fingers_light_skin_tone::fire::fire:
28;crazy post
28;:face_with_tears_of_joy:gosh
28;Biggishhhh
28;yes
28;Living my dream
28;Which reel
28;I'm so jealous
28;angelic
28;How does it feel to live my dream life
29;Dev , it‚Äôs time to buy an electric guitar and learn how to play it.
29;woah
29;this would look so cool on a tee!!
29;HIl there, pls speak about Palestine, how there is a literal genocide taking place as we speak. just one post to inform the people of India, and other places. Innocent children, elderly, and family are currently being wiped out. PLS HELP FOR THE SAKE OF HUMANITY, if u want to know more pls search on google and there are plenty of web pages telling us the current situation. There are many donation websites such as gofundme this is an authorised donation centre. pls even $1 will help a child in Gaza. Pls i really value ur work. This would mean so much. PLS HELP OUT. :Palestinian_Territories::Palestinian_Territories::Palestinian_Territories::red_heart:Ô∏è
29;valorant new agent
29;@wizard_bisan1 follows you please tune in please raise awareness please use your platform :folded_hands:
29;3rd pic is OP
29;:fire::fire:
29;Biryani ka ekadam Dam Nikal Diya:smiling_face_with_heart-eyes:
29;See D M :)
30;:smiling_face_with_heart-eyes::smiling_face_with_heart-eyes::smiling_face_with_heart-eyes::purple_heart::purple_heart::OK_hand::OK_hand::OK_hand:look so stunning and gorgeous in purple with cute smile
30;Made a private just to comment on your posts pookie :ribbon:
30;It's time now
30;:raising_hands:
30;Good jeans :jeans:
30;Girl :cross_mark:Ô∏è angel :check_mark_button:Ô∏è
30;Cutiee asff:ribbon::growing_heart::tulip::raising_hands:
30;:crying_face:
30;@ritisha_patra tu gyi thi na shimla
31;Gross!!!
31;
31;
31;I feel insafe
31;Wtf cen you Not Show that :eyes:
31;bro went from :rainbow: :ribbon::nail_polish: to :supervillain_medium-light_skin_tone::black_heart::pirate_flag:
31;the silence of her dancing to Karma again
31;Que feo tu tatu :(
31;Du sind ein Mann
32;O dear just like stop posting
32;
32;I hate you :rolling_on_the_floor_laughing:
32;Ewwwwwwww
32;One time my sister and I got a cameo with Jojo for our nieces 5th birthday in 2020. Is it too late to get a refund?
32;Youre literally crotch grabbing in front of children like i get you want to be grown but like there‚Äôs a time and place and you can release your perve ass videos and it‚Äôs up to the parents to keep their kids away but you do it on stage after pointing to a 6 year old and then grab yourself you‚Äôre basically a pedophile
32;It‚Äôs weird how she‚Äôs tryin to be so ‚Äúadult‚Äù and just ends up acting more like a child
32;This is why Chicago sucks.
32;Boooooo pride sucks just like you.  Boooooo
33;4th is my personal fav :pleading_face:
33;Beautiful onlyyyyy>>>:loudly_crying_face::red_heart:Ô∏è @tarini_shah
33;Jeans from ? @tarini_shah
33;aesthetic ü´∞:medium-light_skin_tone:
33;:face_blowing_a_kiss::yellow_heart:
33;:fire::fire::fire:
33;:red_heart:Ô∏è:red_heart:Ô∏è:red_heart:Ô∏è
33;:fire:
33;You forgot to tie your laces Madame
33;:red_heart:Ô∏è:red_heart:Ô∏è:red_heart:Ô∏è
34;Watched more than :infinity:Ô∏è
34;Moti sali
34;:love-you_gesture::sign_of_the_horns:
34;:red_heart:Ô∏è
34;:red_heart:Ô∏è:red_heart:Ô∏è:red_heart:Ô∏è:red_heart:Ô∏è:red_heart:Ô∏è
34;areh ye toh pookie hai:face_savoring_food::disappointed_face::ribbon:
35;cutieeee:smiling_face_with_heart-eyes:
35;Top?
35;@dhruvnessss moti :pig::pig_face:
35;:fire::fire::smiling_face_with_heart-eyes:
35;Konsa filter hai
35;Mujhe pyaar hojaega. Hojaega kya hogya.
35;I wish I could smell your armpits
35;Sunshine girl :heart_with_ribbon:
35;Love that glow!
35;Top from?
36;Cuteness
36;:red_heart:Ô∏èwow
36;y so seriouss vroo:grinning_face_with_sweat::sparkles:
36;Very cute:thumbs_down::thumbs_down::thumbs_down::thumbs_down:
36;YOURE SO PRETTY
36;EXCUSE ME??!
36;Wow
36;Thoda muskura bhi diya karo :fire:
36;I thought this was Brent Rivera for a second
37;:red_heart:Ô∏è:smiling_face_with_heart-eyes: @ishaanvohraa
37;Who tf is pee?
37;Wtf you so pretty (not in simp way)
37;Why is this guy so pretty
37;@just_kiro lmao from a show - euphoria
38;:face_with_tears_of_joy::face_with_tears_of_joy::face_with_tears_of_joy::face_with_tears_of_joy:
38;Last pic mein to chair bina chair person hai:face_with_tears_of_joy:
38;@ishaaarth we do 4th photu
38;What's Tonight?
38;@_.dhruty8802._ simp wtf
38;@lol_sidd_ dont be jealous baba
39;2nd pic :face_with_tears_of_joy: girls expression says it all
39;You resemble @ishaankhatter stronglyyy
39;:red_heart:Ô∏è
39;Check DM for an urgent collab
39;OIII REELS BANANA YARRR PLS:smiling_face_with_hearts:
39;Is this madness.. CrAzy.. Called GENZ?
39;ishaan falls in love with himself and fights with himself for himself #plot
39;"student of the year 3 is releasing and the 1st pic is the poster:weary_face:
#solo"
39;:smiling_face_with_hearts::smiling_face_with_hearts:
39;im on Ishaan Vohras main omg :face_screaming_in_fear:
40;Is that Dagshai?
40;Cute:smiling_face_with_heart-eyes:
40;Can I ask aquestion to you.
40;I knew it i knew it ,it was u in tht ad:loudly_crying_face::loudly_crying_face::loudly_crying_face::loudly_crying_face::red_heart:
40;Intezaar of people start taking photos with you :camera_with_flash:
40;Arre so sundar:weary_face:
40;Not the Spotify ad:loudly_crying_face:
40;@jeez.shreya
40;Bruise on your knee
41;Cringe
41;You look stunning :hundred_points:
41;Check DM for something exciting :watermelon:
41;:smiling_face_with_heart-eyes::smiling_face_with_heart-eyes::smiling_face_with_heart-eyes::smiling_face_with_heart-eyes::fire::fire::fire::red_heart:Ô∏è:red_heart:Ô∏è:red_heart:Ô∏è
41;who are u flirting with this is so embaradsig for y
41;was that a bird or a plane
41;Real I'd se aa aryan Khan
41;Hey, we have a very exciting event coming up. Kindly check your DMs :)
41;Bro how are your chashmas floating?
41;@aryaan_patel67  is impersonating you
42;:fire::fire:
42;I like your insAllah part :smiling_face_with_heart-eyes:
42;InshaAllah
42;Insha Allah
42;:clapping_hands::clapping_hands::clapping_hands::clapping_hands::raising_hands:
42;:FREE_button::FREE_button::FREE_button::FREE_button::FREE_button::FREE_button::FREE_button::FREE_button::FREE_button::FREE_button::FREE_button::FREE_button::FREE_button::FREE_button::FREE_button::FREE_button::FREE_button::FREE_button::FREE_button::FREE_button::FREE_button::FREE_button::FREE_button::FREE_button::FREE_button::FREE_button::FREE_button::FREE_button::Palestinian_Territories::Palestinian_Territories::Palestinian_Territories::Palestinian_Territories::FREE_button::FREE_button::FREE_button::FREE_button::FREE_button::FREE_button::FREE_button::FREE_button::FREE_button::FREE_button::FREE_button::FREE_button::FREE_button::FREE_button::FREE_button::FREE_button::FREE_button::FREE_button::FREE_button::FREE_button::FREE_button::FREE_button::FREE_button::FREE_button::FREE_button::FREE_button::FREE_button::FREE_button::FREE_button::FREE_button::FREE_button::FREE_button::FREE_button::FREE_button::FREE_button::FREE_button::FREE_button::FREE_button::FREE_button::FREE_button::FREE_button::FREE_button::FREE_button::FREE_button::FREE_button::FREE_button::FREE_button:
42;:fire::clapping_hands_medium-dark_skin_tone::clapping_hands_medium-dark_skin_tone::clapping_hands_medium-dark_skin_tone::clapping_hands_medium-dark_skin_tone::clapping_hands_medium-dark_skin_tone:
42;Aamiin :smiling_face_with_heart-eyes:
42;:red_heart:Ô∏è:red_heart:Ô∏è:red_heart:Ô∏è:red_heart:Ô∏è:red_heart:Ô∏è:red_heart:Ô∏è
42;@martinygu91 noooooo frrrrrrrrrrr let's go watch it together when it come out :face_with_tears_of_joy::red_heart:Ô∏è
43;I want to make my own too can u please tell about it :beaming_face_with_smiling_eyes:
43;"There's a visually similar looking webtoon called ""there are no demons"" have a quick peak on that"
43;Yani ki??
43;Iwantyoutomakemydesigntoo:red_heart:Ô∏è
43;im scared
43;this fucks immensely
43;Are u still doing CS :face_with_tears_of_joy:?
43;looking borderline mitthu don
43;Reply to my email bro :loudly_crying_face:
44;The most basic ass project in NLP but well, at least you did something so that's good job!
44;Msg karo
44;Handsome :smiling_face_with_heart-eyes:
44;So is no one gonna talk about the pubic trust?
44;Tum aunties ki daaru party mein invite maang rhe thhe na, dekha maine!!
44;moustache dev is giving dharavi gunda vibes
44;Do u cross reference information based on other news sources or do u exploit writing styles in training data?
44;So project pic is for you still doing CS, have any idea what __init__() is?
44;Pubic trust
44;Solid problem to solve, love the idea of the project, much needed indeed
45;No Talent, Horrible Performance, Yells out at other performers concerts, can't take a boooo from audience. She's trying to be old school Miley Cyrus. Only difference is that Miley can sing, Likeable, knew how to push buttons but keep it with talent. Lord what an attention seeker :clown_face:
45;8th bro is tryna be hot:face_with_tears_of_joy:
45;Corporate Pride
45;Love this outfit!! :fire::smiling_face_with_heart-eyes::red_heart:Ô∏è
45;
45;You rock those clothes JoJo
45;Hey u song stealer
45;@itsjojosiwa I like your costume
46;Why she dressed like that
46;@itsjojosiwa You have issues. I really don‚Äôt know what your problem is these days.
46;
46;Pizza gate
46;Another Miley pose-give it up
46;Is this a guy
46;I hungry
46;jojo u jus made my day :beaming_face_with_smiling_eyes:
46;trust me I want to miss out
46;Why are people like you famous? You‚Äôre an idiot
47;Happy Birthday
47;I remember my first beer
47;Disney ears.....100% grooming. If you're a parent and don't agree you're oblivious.
47;KAAAARMA A BBBBBB
47;IMM YOUR BIGGEST FAAAAN
47;:face_blowing_a_kiss::face_blowing_a_kiss::face_blowing_a_kiss::face_blowing_a_kiss::face_blowing_a_kiss:
47;:fire::fire::fire:
47;@siomyflawless ur joking
48;please block me
48;Buying these noodles rn rn
48;goddamn
48;god damn hahahaha.
48;ishaan im so mf proud of you actually
48;these are actually v tasty
48;Flight nostalgia
48;Once upon a time Ishan used to post ‚Äúfunny‚Äù reels
49;<<3
49;That confident smile completes the picture perfectly :hundred_points::red_heart:Ô∏è
49;9/10 is the visual representation of what we say ‚Äúmen in suits:face_exhaling:‚Äù
49;:red_heart:Ô∏è:red_heart:Ô∏è:raising_hands:
49;Sasta deeway :moai:
49;Stepmom ummmm
49;@_riddhi_uppal shaadi scenes with me when
49;Mans is so damn beautiful :pleading_face::pinched_fingers_medium_skin_tone:
49;@_a_v_e_y_ blockbuster movie avi bhai
50;you in a black kurta>>>>>>:smiling_face_with_heart-eyes:
50;You are looking very handsome in kurta.:smiling_face_with_heart-eyes::smiling_face_with_heart-eyes:
50;this is my favourite picture of u
50;Kuttta :face_with_open_mouth:
50;Hairstyle tutorial when
50;:fire:
50;:smiling_face_with_heart-eyes::smiling_face_with_heart-eyes::smiling_face_with_heart-eyes:
50;Please check your inbox
50;Cute:smiling_face_with_heart-eyes:
51;:red_heart:Ô∏è:red_heart:Ô∏è:red_heart:Ô∏è:red_heart:Ô∏è
51;@thasifig___
51;GOD IS A WOMAN and it's definitely you.
51;Pookie I got you ye konsa filter hai iska naam bata do aur Instagram ka hi hai na :winking_face_with_tongue:
51;Jaanvi Kapoor without lip filler :raising_hands::red_heart:Ô∏è
51;:white_heart::white_heart:
51;Saree ki hi izzat rkh leti bhen
51;@_a.ananyyaa omg:smiling_face_with_heart-eyes::smiling_face_with_heart-eyes:
52;Amaterasu
52;Eru desu ka ?
52;Re saale pagal
52;@its.swati.here crush update. Ok by.
53;Life goes .. On n on n on n on n ln
53;Onion :place_of_worship::wind_face:Ô∏è
53;:onion::onion::onion::onion::onion:
53;Life goes on
53;Down the hill :broken_heart:
53;Out
53;Yesss just move forward... anyways look Cute here:cherry_blossom:
54;:red_heart:Ô∏è:red_heart:Ô∏è
54;:smiling_face_with_heart-eyes::smiling_face_with_heart-eyes:
54;Super
54;Random gc? Dm
55;Tanee don‚Äôt show:crying_face:
55;Aah look at the pinned tweet but girl doesn't wanna speak about sindhi hindu girls who forcefully converted in pakistan and literally roams around with pakistanis :face_vomiting::face_vomiting:
55;:red_heart:Ô∏è:red_heart:Ô∏è
55;:fire::fire::fire:
55;:smiling_face_with_heart-eyes::smiling_face_with_heart-eyes:
55;:white_heart:
55;@tanya_prvttt
56;jacket from?
56;You go girl!! You are literally living my dreams! I am so happy to see you travelling! Be the best
56;When you realise that your country is most the beautiful place on planet :ringed_planet: :growing_heart::red_heart:Ô∏è @the.rebel.kid
56;:red_heart:Ô∏è:loudly_crying_face:
56;:growing_heart::loudly_crying_face:
56;Cute :red_heart:Ô∏è
56;for some reason jatin merko buddy kam bunny zada lagne laga hai:ribbon:
56;:growing_heart::growing_heart:
56;Read the caption and thought I'll tag you @manalishah_
57;Can you drop a link of red Zara dress pls.. loved it :red_heart:Ô∏è
57;Hiii
57;Uhh so cute i know uhh text me :loudly_crying_face:
57;Uhh so cute i know uhh text me :loudly_crying_face:
58;Í∑ÄÏó¨Ïö¥ :raising_hands:
58;Good :beating_heart: morning
58;Hot.luking.jaan:fire::fire::fire:.love.you.tu:smiling_face_with_heart-eyes::smiling_face_with_heart-eyes::smiling_face_with_heart-eyes:
58;:fire::fire:
58;Pretty bbg:loudly_crying_face::white_heart:
58;I'M IN LOVE WITH YOUR OUTFIT:white_heart::white_heart::white_heart::white_heart::smiling_face_with_heart-eyes::smiling_face_with_heart-eyes:
58;:red_heart:Ô∏è:fire:
58;sooo cute:ribbon::ribbon::ribbon:
58;Which place is this:red_heart:Ô∏è
59;Congratulations!!!!!:clapping_hands::party_popper:
59;Oooh! I just realised that you and my cousin went to the same school and graduated on the same day :raising_hands:
59;the saree looks unreal:smiling_face_with_heart-eyes:
59;soosoo beautiful congratulations cutieee!!!ü•π:red_heart:Ô∏è:red_heart:Ô∏è
59;Muje tum most most most most most beautiful girl in the world :globe_showing_Europe-Africa::woman_dancing::heart_suit:Ô∏èlagti ho
59;Advertisement me bhi graduation hoti hai !?
59;Congratulations :party_popper::party_popper::party_popper:
59;Congratulations
60;6/9 9/9 :red_heart:Ô∏è
60;gimme ur outfits
60;hiii girl, you should definitely create a reel about funngro, it will help out your teen audience tremendously ,,please check it out
60;Adorbbbbbbbbbb:purple_heart:
60;See my memes pagee :fire:
60;Ye to mr bean wala food hein,:smiling_face_with_heart-eyes:
60;Lovely :red_heart:Ô∏è:fire::fire:
60;Cutest
60;@taneesho aap thoda nakhre kaam karo
61;Hey, where's your jacket from in the 6th slide?
61;"The Porsche 911 is an iconic sports car known for its distinctive rear-engine layout and timeless design.

Since its debut in 1964, it has evolved through multiple generations while maintaining core features like the sloping roofline and round headlights.

Renowned for its performance and driving dynamics, the 911 offers a range of models from the base Carrera to high-performancefrom the base Carrera to high-performance variants like the Turbo and GT3.

It also boasts a rich motorsport legacy, having competed successfully in events like the 24 Hours of Le Mans and the Monte Carlo Rally."
61;Big pom pom :hot_face::fire:
61;:fire::fire:
61;Black one :black_heart::black_heart:
61;Love this! :white_heart:
61;SLAYED
61;"Men scroll 
Men Stop 
Men watch 
Men think of her as a girlfriend 
Men thought ""aukat ki bahar""
Men leave 
Men scroll again"
61;Where's your jeans from?!:red_heart:Ô∏è
61;Last cargos from ?
62;Beautiful :fire::red_heart:Ô∏è
62;:fire:
62;:smiling_face_with_heart-eyes::smiling_face_with_heart-eyes::smiling_face_with_heart-eyes::smiling_face_with_heart-eyes:
62;Deets?
62;Link
62;Love the fitssss
62;Take me
62;Outfits always slay
62;Link
63;You look like ape isn‚Äôt you?
63;Dreamyyy:loudly_crying_face:
63;Time to update celebrity crush :speaking_head:Ô∏è:nail_polish_medium-light_skin_tone:
63;U r very pretty :growing_heart:
63;:palm_tree::comet:Ô∏è
63;you:fire::fire::pinched_fingers::pinched_fingers::pinched_fingers:
63;Love:red_heart:Ô∏è
63;Mumbai trip krni h ab soon @vaasavi_chunduru
63;ü´∂:light_skin_tone::sparkles::tulip::sparkling_heart:
63;Pretty :smiling_face_with_hearts::smiling_face_with_hearts:
64;:fire::fire:
64;Wow! Stunning:fire::fire::fire:
64;dress link?
64;:red_heart:Ô∏è:smiling_face_with_heart-eyes:
64;Met galaa ??:loudly_crying_face:
64;Giving the total The vampire diaries vibe
64;Your dress is similar to Elena's dreas from tvd . When she danced with Damon. All i could remember that scene from tvd whenever i watch you with this dress. And you are looking effortlessly beautiful :blue_heart:
65;Where did you get these cargos from??
65;:fire:
65;Nice
65;The girl can dress
65;Outfitsü´∂:light_skin_tone:
65;Ahhhh jhad deta hu tumhe dek ke hamesha jaanu :weary_face::raised_fist::eggplant::sweat_droplets::sweat_droplets::sweat_droplets::sweat_droplets::sweat_droplets::face_blowing_a_kiss:
65;
65;Cutee :red_heart:Ô∏è:red_heart:Ô∏è
65;"Hey Taneesha
Vaav India wishes to send you some luxury pieces. Kindly get in touch.
Have a great day!
Team Vaav India"
66;I Meant Soon
66;
66;Hi jojo
66;Aaaand that show is down the drain too. Pathetic
66;I wrote u a Poem please check dm. I would be so grateful spent a  lot of time perfecting it xx
66;Does she think she can dance lol
66;You‚Äôre kidding, right?
66;Why are people like you famous? You‚Äôre an idiot
67;I swear tanee u look absolutely gorgeous :red_heart:Ô∏è
67;Abhi to gyi thi ye:face_with_rolling_eyes:
67;:graduation_cap: nice
67;Bhai tumhare University me sab sundar log hi hai kya
67;Congrats happy for you
67;
67;:fire::fire::fire:
67;:smiling_face_with_heart-eyes::smiling_face_with_heart-eyes::smiling_face_with_heart-eyes:
68;So cool(mommy)
68;You performed a very bold character here
68;A literal goddess omg spare me to even live in your world :place_of_worship::place_of_worship::place_of_worship:
68;Omfgg pretty gworl slayed so hardd :ribbon::growing_heart::place_of_worship::loudly_crying_face:
68;Dolly:winking_face::red_heart:Ô∏è
68;no lube, no protection, all night, all day, from the kitchen floor to the toilet seat, from the dining table ta the bedroom, from the bathroom sink to the shower, from the front porch to the balcony, vertically, horizontally, quadratic, exponent al, logarithmic, missionary, cowgirl, reverse cow girl, doggy. backwards, forwards sideways, upside down, on the floor, in the bed, on the couch, on a chair, being carried against the wall, outside in a train, on a plane, in the car, on a motorcycle, the bed of a truck, on a trampoline, in a bounce house, in the ool, bent over, in the basement, against the window, have the most toe curling, back arching, leg shaking, dick thribbing, first clenching, ear rining, mouth drooling, ass clenching. nose sniffling, eye watering, eye rolling, hip thrusting. earthquaking, sheet gripping, knuckles cracking, jaw dropping, hair pulling. teeth jitterbug. mind blogging, soul snatching.overstimulating, vile, sloppy, moan inducing, heart wrenching, spine tingli extraordinary, slendid, phenomenal, mouth foaming heavenly, awakening, devils tangos riding one could offer..
68;i wanna be as pretty as u
68;:ribbon::loudly_crying_face:
68;What did you eat to have that kind of glow up all of a sudden? @srishtigargg
68;OKG TV GIRLLLL <<33333333333 :ribbon::ribbon::ribbon::ribbon::ribbon::sparkles::sparkles::sparkles::growing_heart::growing_heart::beating_heart::beating_heart::beating_heart::growing_heart::beating_heart::beating_heart::beating_heart::mending_heart::mending_heart::mending_heart::mending_heart::mending_heart::mending_heart::mending_heart::love_letter::love_letter::love_letter::love_letter::love_letter:
69;Uttar pradesh aao tumko khila pila ke aur insan bna ke bhjnge waha reh ke mauga bn gya h :rolling_on_the_floor_laughing::face_with_tears_of_joy::hot_beverage:Ô∏è:red_heart:Ô∏è
69;Cute:pleading_face:
69;Check DM for an urgent collab
69;:red_heart:Ô∏è:red_heart:Ô∏è:red_heart:Ô∏è:red_heart:Ô∏è:red_heart:Ô∏è:raising_hands:
69;Kutte = Cuteae :raising_hands::red_heart:Ô∏è
69;Pretty boy
69;Curls looking so luscious in the fourth one
69;Bruhh this looks legit fr:cowboy_hat_face::pinched_fingers::pinched_fingers:
69;:smiling_face_with_heart-eyes::smiling_face_with_heart-eyes:
69;:smiling_face_with_heart-eyes::smiling_face_with_heart-eyes:
70;Ok ok :OK_hand:
70;:red_heart:Ô∏è:red_heart:Ô∏è:red_heart:Ô∏è
70;I am so so happy for you !:red_heart:Ô∏è
70;He is looking like Andrew Garfield
70;what a great humble way to enter into Bollywood man !! Kudos :clapping_hands:
70;:red_heart:
70;Begum tum Kam mat Karo me karta hu Naa:smiling_face_with_tear:
70;Maine sach itna Dayan hi nhi diya tha ki ye bhi movie me the ü´°
70;loved your role and loved the movie ^_^
71;You are so beautiful :smiling_face_with_heart-eyes:
71;ugh pics of us is so grown
71;cuteeeeeee
71;
71;Last one... :fire::fire::red_heart:Ô∏è:red_heart:Ô∏è:white_heart:
71;4th :red_heart:Ô∏è
71;Cute cuter cuter
71;:black_heart::black_heart::smiling_face_with_heart-eyes:
71;"@punk_dolll what if she doesn;t wear anything"
72;:fire::fire::fire::fire::fire::fire::fire:
72;Gay
72;Bw t shirt kaha se purchase kare hoon
72;Size out of stock hai :smiling_face_with_tear:
72;BRO OUT OF STOCK:face_with_steam_from_nose::face_with_steam_from_nose::face_with_steam_from_nose::face_with_steam_from_nose:
72;Ek baar ameer ho jau toh tumhara brand he pehnugi bas
72;This used to be my ringtone during college days :grimacing_face:
72;@sugandhgandotra IKR I thought I was trippin
73;:fire::sparkles:
73;You make people melt boyyyy:loudly_crying_face::loudly_crying_face::loudly_crying_face:
73;Systumm trying to be aesthetic
73;I come here everyday
73;Ye shirt kaha se li bhaiya aapne?
73;More like gay era
73;Baby kaha se li ye shirt?
73;:blue_heart:
73;so harry styles coded
73;And Chamkila got shot shot
74;How did I miss this?
74;ye konsi jgah h???
74;:OK_hand:
74;Sir pt dedo pls
74;Aisa 3 month transformation mujhe bhi chahiye. Mera to 1 saal mein bhi nahi ho paaya:loudly_crying_face:
74;And yet I envy your post :red_heart:Ô∏è:red_heart:Ô∏è:pinched_fingers_light_skin_tone::pinched_fingers_light_skin_tone:
74;Bahut chill krte ho yaar
74;Male pick me lmao
75;Imagine what if he met Andrew Garfield there
75;"Hello Dear! Are you still worried about work? let me help you, we are now recruiting a large number of online part-time jobs. You only need to have a mobile phone and you can do it at home. You can easily earn 200-500 rupees every day. 
:backhand_index_pointing_right:No upfront investment required
DM ME FOR MORE INFO"
75;FIFA SONG
75;sasta Andrew Garfield :rolling_on_the_floor_laughing:
75;:red_heart:
75;:red_heart:Ô∏è
75;Almost ready to hit out Ranveer Singh at Bollywood.. Great going Vishnu! Hope to see you the main protagonist in movies :star-struck::thumbs_up::party_popper::hundred_points:
75;Sirra :fire:
76;Here from even before the godzilla song review
76;Bhai big fan
76;25L gaye paani mein:face_with_tears_of_joy:
76;Nice show off
76;25 Lakh ka ticket :face_savoring_food::winking_face::winking_face::winking_face::winking_face_with_tongue::winking_face_with_tongue::winking_face_with_tongue::winking_face_with_tongue:
76;Ticket kitne ki li:face_with_tears_of_joy::face_with_tears_of_joy:
76;Kitne ki thi ticket ? 20 - 25 lakh ?
76;25Lakh dekar gya bhai shame :face_with_tears_of_joy::raising_hands:
76;25lakhs... That's a joke. And we all are laughing at it.
76;25 lakh ki ticket deke success lol
77;:nazar_amulet::nazar_amulet:
77;Germany aoo Toh Milke Jaana
77;Oh I cannot believe I didn‚Äôt see you were in Cannes & Sourh France! Would have loved to have said hello - absolutely adore you guys :red_heart:Ô∏è a beautiful couple too xx
77;Ofcourse you guys should ü©µ:nazar_amulet:
77;For my mental peace, yes thank you :loudly_crying_face:
77;:red_heart:Ô∏è
77;I think @thevishnukaushal should propose :red_heart:Ô∏è :ring:
77;Cute:heart_suit:Ô∏è
77;:smiling_face_with_heart-eyes::smiling_face_with_heart-eyes::smiling_face_with_heart-eyes:
77;Perfect PUNJABI MUNDA:red_heart:Ô∏è PAHADI BULI
